Gene,Tier,sgRNA_1,sgRNA_2,sgRNA_3
TOX,Tier 1 - Master exhaustion TFs,"GCAGGCCATTATGGTTCATG (PAM: GGG, Exon: 3, Combined Rank: 3)","GGACCCCTACTATTGCAACA (PAM: AGG, Exon: 1, Combined Rank: 6)","CACCAGCGAGTGGTCTGGGA (PAM: GGG, Exon: 3, Combined Rank: 26)"
TOX2,Tier 1 - Master exhaustion TFs,"AGGCGATAGGGACTCACCGT (PAM: GGG, Exon: 3, Combined Rank: 1)","GGTGTCCAACATGCTAGCAC (PAM: AGG, Exon: 3, Combined Rank: 2)","CACCTGGACTATTACCACGG (PAM: CGG, Exon: 1, Combined Rank: 5)"
NR4A1,Tier 1 - Master exhaustion TFs,"GGCTAACAAGGACTGCCCTG (PAM: TGG, Exon: 3, Combined Rank: 1)","TACACCCGTGACCTCAACCA (PAM: AGG, Exon: 2, Combined Rank: 2)","ATGTGCGGACACCATAATGC (PAM: TGG, Exon: 2, Combined Rank: 3)"
NR4A2,Tier 1 - Master exhaustion TFs,"AGGTGCGCACGCCGTAGTGT (PAM: TGG, Exon: 3, Combined Rank: 2)","CATCTGGCAACTAGACACCG (PAM: GGG, Exon: 3, Combined Rank: 3)","TGTCGAGCAGCTGAGACGCG (PAM: TGG, Exon: 3, Combined Rank: 5)"
NR4A3,Tier 1 - Master exhaustion TFs,"AGGTTCGCACGCCGTAGTGC (PAM: TGG, Exon: 3, Combined Rank: 4)","GTACGGGTGGCTCTCAAGCG (PAM: CGG, Exon: 3, Combined Rank: 9)","GCGGCCCTTGATCAAAGTGG (PAM: AGG, Exon: 3, Combined Rank: 11)"
BATF,Tier 1 - Master exhaustion TFs,"GGAACTGAAGTACTTCACGT (PAM: CGG, Exon: 3, Combined Rank: 1)","ACAGAACGCGGCTCTACGCA (PAM: AGG, Exon: 3, Combined Rank: 2)","ATGTGAGAAGAGTTCAGAGG (PAM: AGG, Exon: 2, Combined Rank: 3)"
IRF4,Tier 1 - Master exhaustion TFs,"CTGATCGACCAGATCGACAG (PAM: CGG, Exon: 2, Combined Rank: 1)","TCTGGTCGATCAGCCACTGG (PAM: CGG, Exon: 2, Combined Rank: 2)","TCGACAGCGGCAAGTACCCC (PAM: GGG, Exon: 2, Combined Rank: 6)"
IRF8,Tier 1 - Master exhaustion TFs,"GTGGTCGGCGGCTTCGACAG (PAM: TGG, Exon: 2, Combined Rank: 1)","ATTGACAGTAGCATGTATCC (PAM: AGG, Exon: 2, Combined Rank: 5)","GTGACCGGAATGGTGGTCGG (PAM: CGG, Exon: 2, Combined Rank: 7)"
PRDM1,Tier 1 - Master exhaustion TFs,"AGGATGCGGATATGACTCTG (PAM: TGG, Exon: 2, Combined Rank: 12)","AGGCGGAGGCATCCTTACCA (PAM: AGG, Exon: 2, Combined Rank: 15)","GTGTGGGTACGACCTTGGTA (PAM: AGG, Exon: 1, Combined Rank: 19)"
TCF7,Tier 2 - Stemness/protective TFs,"TCGCTCGTGAACGAGTCCGA (PAM: GGG, Exon: 1, Combined Rank: 1)","GTCGCTCGTGAACGAGTCCG (PAM: AGG, Exon: 1, Combined Rank: 5)","AAGGCCCCGGAGTGCACCAG (PAM: CGG, Exon: 3, Combined Rank: 6)"
LEF1,Tier 2 - Stemness/protective TFs,"GGTGTTCTCTGGCCTTGTCG (PAM: TGG, Exon: 2, Combined Rank: 5)","GTACCCGGAATAACTCGAGT (PAM: AGG, Exon: 3, Combined Rank: 6)","TGGGTGTCTTACCGTCATCG (PAM: GGG, Exon: 2, Combined Rank: 7)"
FOXO1,Tier 2 - Stemness/protective TFs,"TCGTCCCGCCGCAACGCGTG (PAM: GGG, Exon: 1, Combined Rank: 1)","CCCCGCGAGCGGCCCAGCGG (PAM: CGG, Exon: 1, Combined Rank: 2)","CGGGACGAGCTGCTCTTGCG (PAM: CGG, Exon: 1, Combined Rank: 3)"
KLF2,Tier 2 - Stemness/protective TFs,"GGTTCGGGGTAATAGAACGC (PAM: AGG, Exon: 2, Combined Rank: 1)","CAGGTGATCGGAGCGCGAGA (PAM: AGG, Exon: 3, Combined Rank: 2)","GCGTTCTATTACCCCGAACC (PAM: CGG, Exon: 2, Combined Rank: 3)"
TBX21,Tier 3 - Differentiation/effector TFs,"TAAACTTGGACCACAACAGG (PAM: TGG, Exon: 1, Combined Rank: 1)","GCGGTACCAGAGCGGCAAGT (PAM: GGG, Exon: 2, Combined Rank: 5)","CACCCGGACTCCCCCAACAC (PAM: AGG, Exon: 3, Combined Rank: 6)"
EOMES,Tier 3 - Differentiation/effector TFs,"TGCTGGCGGACCCCAACCAC (PAM: TGG, Exon: 2, Combined Rank: 3)","TGTGTACCCGGCTCCTAACG (PAM: GGG, Exon: 1, Combined Rank: 4)","GCTTAGTGACACCGACGCCG (PAM: GGG, Exon: 1, Combined Rank: 5)"
RUNX1,Tier 3 - Differentiation/effector TFs,"AATCCTTCTAGAGACGTCCA (PAM: CGG, Exon: 3, Combined Rank: 3)","ATGAAGCACTGTGGGTACGA (PAM: AGG, Exon: 2, Combined Rank: 16)","TACCCACAGTGCTTCATGAG (PAM: AGG, Exon: 2, Combined Rank: 20)"
ID2,Tier 3 - Differentiation/effector TFs,"GCTCATCGGGTCGTCCACAG (PAM: GGG, Exon: 1, Combined Rank: 1)","GCTGATATCCGTGTTGAGGG (PAM: TGG, Exon: 1, Combined Rank: 2)","AATAGTGGGATGCGAGTCCA (PAM: GGG, Exon: 1, Combined Rank: 3)"
ZEB2,Tier 3 - Differentiation/effector TFs,"CAGAGCTTGGCTCACGTGTG (PAM: GGG, Exon: 3, Combined Rank: 19)","AATGAAGCAGCCGATCATGG (PAM: CGG, Exon: 2, Combined Rank: 29)","CTTACCTGGACCATCTACAG (PAM: AGG, Exon: 3, Combined Rank: 40)"
EZH2,Tier 4 - Epigenetic regulators,"ACAGAAGTCAGGATGTGCAC (PAM: AGG, Exon: 3, Combined Rank: 8)","GAGCTCATTGCGCGGGACTA (PAM: GGG, Exon: 3, Combined Rank: 23)","TTGCGCGGGACTAGGGAGGT (PAM: TGG, Exon: 3, Combined Rank: 27)"
DNMT3A,Tier 4 - Epigenetic regulators,"GAGGAAGCGCAAGCACCCCC (PAM: CGG, Exon: 3, Combined Rank: 54)","GCACCACGGCACGGAAGGTG (PAM: GGG, Exon: 3, Combined Rank: 56)","AGGATGTGACACTCACCGGG (PAM: GGG, Exon: 3, Combined Rank: 85)"
TET2,Tier 4 - Epigenetic regulators,"GGATAGAACCAACCATGTTG (PAM: AGG, Exon: 3, Combined Rank: 4)","GATGCACAGGCCAATTAAGG (PAM: TGG, Exon: 3, Combined Rank: 6)","GGAACCACAAAGCTAGCGTC (PAM: TGG, Exon: 3, Combined Rank: 8)"
KMT2D,Tier 4 - Epigenetic regulators,"GACCTGCCCAACCCACATGT (PAM: GGG, Exon: 3, Combined Rank: 46)","AGACCTGCCCAACCCACATG (PAM: TGG, Exon: 3, Combined Rank: 161)","CAGAGACCTCTCCCACATGT (PAM: GGG, Exon: 3, Combined Rank: 247)"
ARID1A,Tier 4 - Epigenetic regulators,"TTAGTCCCGCCATATGGCTG (PAM: AGG, Exon: 2, Combined Rank: 5)","CCTGTTGACCATACCCGCTG (PAM: GGG, Exon: 3, Combined Rank: 11)","CAGCAGAACTCTCACGACCA (PAM: CGG, Exon: 1, Combined Rank: 12)"
PDCD1,Tier 5 - Co-inhibitory receptors,"CCCTTCGGTCACCACGAGCA (PAM: GGG, Exon: 2, Combined Rank: 1)","AGCCGGCCAGTTCCAAACCC (PAM: TGG, Exon: 3, Combined Rank: 3)","AGGGCCCGGCGCAATGACAG (PAM: CGG, Exon: 2, Combined Rank: 5)"
HAVCR2,Tier 5 - Co-inhibitory receptors,"TCTCTGCCGAGTCGGTGCAG (PAM: GGG, Exon: 3, Combined Rank: 3)","GTGAAGTCTCTCTGCCGAGT (PAM: CGG, Exon: 3, Combined Rank: 7)","CCAAGGATGCTTACCACCAG (PAM: GGG, Exon: 3, Combined Rank: 14)"
LAG3,Tier 5 - Co-inhibitory receptors,"TTACCTGGAGCCACCCAAAG (PAM: CGG, Exon: 1, Combined Rank: 5)","GCGGTCCCTGAGGTGCACCG (PAM: CGG, Exon: 3, Combined Rank: 6)","TCAGCCTTCTGCGAAGAGCA (PAM: GGG, Exon: 2, Combined Rank: 11)"
TIGIT,Tier 5 - Co-inhibitory receptors,"AGTGTACGTCCCATCAGGGT (PAM: AGG, Exon: 2, Combined Rank: 1)","GCTGACCGTGAACGATACAG (PAM: GGG, Exon: 2, Combined Rank: 2)","CAGGCACAATAGAAACAACG (PAM: GGG, Exon: 2, Combined Rank: 3)"
PTPN2,Tier 6 - Key signaling regulators,"TTCGAACTCCCGCTCGATGG (PAM: TGG, Exon: 1, Combined Rank: 1)","AACTCCCGCTCGATGGTGGT (PAM: GGG, Exon: 1, Combined Rank: 4)","GGAAACTTGGCCACTCTATG (PAM: AGG, Exon: 2, Combined Rank: 9)"
SOCS1,Tier 6 - Key signaling regulators,"GGGCCCCCAGTAGAATCCGC (PAM: AGG, Exon: 2, Combined Rank: 1)","ACGCCTGCGGATTCTACTGG (PAM: GGG, Exon: 2, Combined Rank: 2)","GCGGAAGTGCGTGTCGCCGG (PAM: GGG, Exon: 2, Combined Rank: 3)"
DGKA,Tier 6 - Key signaling regulators,"GAGATGGCTAAATATGTCCA (PAM: AGG, Exon: 3, Combined Rank: 18)","TGATGTCCTAAAGCTCTTCG (PAM: AGG, Exon: 3, Combined Rank: 72)","GCAGCTGGGCAAAATCACTG (PAM: GGG, Exon: 2, Combined Rank: 98)"
RASA2,Tier 6 - Key signaling regulators,"AGTTTATCGTACCCAAGTTG (PAM: TGG, Exon: 2, Combined Rank: 25)","GCTTACAGATCTTGCCCCGC (PAM: AGG, Exon: 1, Combined Rank: 27)","ATTTTGTGGGGTCCAAGATA (PAM: TGG, Exon: 2, Combined Rank: 36)"
ZC3H12A,Tier 6 - Key signaling regulators,"CAGCTCCCTCTAGTCCCGCG (PAM: GGG, Exon: 2, Combined Rank: 6)","CAGGACGCTGTGGATCTCCG (PAM: TGG, Exon: 2, Combined Rank: 8)","AACACGGGACAGCCACCGAG (PAM: CGG, Exon: 2, Combined Rank: 9)"
