module,tool_name,used_by_demo,used_by_antibody_pipeline,used_by_registry,requires_external_dependency,recommendation
biochat.tool.antibody_design,design_vh_only_antibodies,True,True,False,torch;ImmuneBuilder,keep_minimal
biochat.tool.antibody_design,score_and_rank_candidates,True,True,False,torch;ImmuneBuilder,keep_minimal
biochat.tool.biochemistry,analyze_circular_dichroism_spectra,False,False,False,Bio;matplotlib,optional_full_profile
biochat.tool.biochemistry,analyze_enzyme_kinetics_assay,False,False,False,Bio;matplotlib,optional_full_profile
biochat.tool.biochemistry,analyze_itc_binding_thermodynamics,False,False,False,Bio;matplotlib,optional_full_profile
biochat.tool.biochemistry,analyze_protease_kinetics,False,False,False,Bio;matplotlib,optional_full_profile
biochat.tool.biochemistry,analyze_protein_conservation,False,False,False,Bio;matplotlib,optional_full_profile
biochat.tool.biochemistry,analyze_rna_secondary_structure_features,False,False,False,Bio;matplotlib,optional_full_profile
biochat.tool.bioengineering,analyze_calcium_imaging_data,False,False,False,matplotlib,optional_full_profile
biochat.tool.bioengineering,analyze_cell_migration_metrics,False,False,False,matplotlib,optional_full_profile
biochat.tool.bioengineering,analyze_in_vitro_drug_release_kinetics,False,False,False,matplotlib,optional_full_profile
biochat.tool.bioengineering,analyze_myofiber_morphology,False,False,False,matplotlib,optional_full_profile
biochat.tool.bioengineering,decode_behavior_from_neural_trajectories,False,False,False,matplotlib,optional_full_profile
biochat.tool.bioengineering,perform_crispr_cas9_genome_editing,False,False,False,matplotlib,optional_full_profile
biochat.tool.bioengineering,simulate_whole_cell_ode_model,False,False,False,matplotlib,optional_full_profile
biochat.tool.bioimaging,batch_register_images,False,False,False,torch;matplotlib,optional_full_profile
biochat.tool.bioimaging,calculate_similarity_metrics,False,False,False,torch;matplotlib,optional_full_profile
biochat.tool.bioimaging,create_registration_visualization,False,False,False,torch;matplotlib,optional_full_profile
biochat.tool.bioimaging,create_segmentation_visualization,False,False,False,torch;matplotlib,optional_full_profile
biochat.tool.bioimaging,prepare_input_for_nnunet,False,False,False,torch;matplotlib,optional_full_profile
biochat.tool.bioimaging,quick_affine_registration,False,False,False,torch;matplotlib,optional_full_profile
biochat.tool.bioimaging,quick_deformable_registration,False,False,False,torch;matplotlib,optional_full_profile
biochat.tool.bioimaging,quick_rigid_registration,False,False,False,torch;matplotlib,optional_full_profile
biochat.tool.bioimaging,segment_with_nn_unet,False,False,False,torch;matplotlib,optional_full_profile
biochat.tool.bioimaging,split_modalities,False,False,False,torch;matplotlib,optional_full_profile
biochat.tool.biophysics,analyze_cell_morphology_and_cytoskeleton,False,False,False,,optional_full_profile
biochat.tool.biophysics,analyze_tissue_deformation_flow,False,False,False,,optional_full_profile
biochat.tool.biophysics,predict_protein_disorder_regions,False,False,False,,optional_full_profile
biochat.tool.cancer_biology,analyze_cell_senescence_and_apoptosis,False,False,False,,optional_full_profile
biochat.tool.cancer_biology,analyze_copy_number_purity_ploidy_and_focal_events,False,False,False,,optional_full_profile
biochat.tool.cancer_biology,analyze_ddr_network_in_cancer,False,False,False,,optional_full_profile
biochat.tool.cancer_biology,detect_and_annotate_somatic_mutations,False,False,False,,optional_full_profile
biochat.tool.cancer_biology,detect_and_characterize_structural_variations,False,False,False,,optional_full_profile
biochat.tool.cancer_biology,perform_gene_expression_nmf_analysis,False,False,False,,optional_full_profile
biochat.tool.cell_biology,analyze_flow_cytometry_immunophenotyping,False,False,False,,optional_full_profile
biochat.tool.cell_biology,analyze_mitochondrial_morphology_and_potential,False,False,False,,optional_full_profile
biochat.tool.cell_biology,perform_facs_cell_sorting,False,False,False,,optional_full_profile
biochat.tool.cell_biology,quantify_and_cluster_cell_motility,False,False,False,,optional_full_profile
biochat.tool.cell_biology,quantify_cell_cycle_phases_from_microscopy,False,False,False,,optional_full_profile
biochat.tool.database,blast_sequence,False,False,False,Bio,optional_full_profile
biochat.tool.database,get_genes_near_ccre,False,False,False,Bio,optional_full_profile
biochat.tool.database,query_alphafold,False,False,False,Bio,optional_full_profile
biochat.tool.database,query_cbioportal,False,False,False,Bio,optional_full_profile
biochat.tool.database,query_chembl,False,False,False,Bio,optional_full_profile
biochat.tool.database,query_clinicaltrials,False,False,False,Bio,optional_full_profile
biochat.tool.database,query_clinvar,False,False,False,Bio,optional_full_profile
biochat.tool.database,query_dailymed,False,False,False,Bio,optional_full_profile
biochat.tool.database,query_dbsnp,False,False,False,Bio,optional_full_profile
biochat.tool.database,query_emdb,False,False,False,Bio,optional_full_profile
biochat.tool.database,query_encode,False,False,False,Bio,optional_full_profile
biochat.tool.database,query_ensembl,False,False,False,Bio,optional_full_profile
biochat.tool.database,query_geo,False,False,False,Bio,optional_full_profile
biochat.tool.database,query_gnomad,False,False,False,Bio,optional_full_profile
biochat.tool.database,query_gtopdb,False,False,False,Bio,optional_full_profile
biochat.tool.database,query_gwas_catalog,False,False,False,Bio,optional_full_profile
biochat.tool.database,query_interpro,False,False,False,Bio,optional_full_profile
biochat.tool.database,query_iucn,False,False,False,Bio,optional_full_profile
biochat.tool.database,query_jaspar,False,False,False,Bio,optional_full_profile
biochat.tool.database,query_kegg,False,False,False,Bio,optional_full_profile
biochat.tool.database,query_monarch,False,False,False,Bio,optional_full_profile
biochat.tool.database,query_mpd,False,False,False,Bio,optional_full_profile
biochat.tool.database,query_openfda,False,False,False,Bio,optional_full_profile
biochat.tool.database,query_opentarget,True,False,False,Bio,keep_minimal
biochat.tool.database,query_paleobiology,False,False,False,Bio,optional_full_profile
biochat.tool.database,query_pdb,False,False,False,Bio,optional_full_profile
biochat.tool.database,query_pdb_identifiers,False,False,False,Bio,optional_full_profile
biochat.tool.database,query_pride,False,False,False,Bio,optional_full_profile
biochat.tool.database,query_pubchem,False,False,False,Bio,optional_full_profile
biochat.tool.database,query_quickgo,False,False,False,Bio,optional_full_profile
biochat.tool.database,query_reactome,False,False,False,Bio,optional_full_profile
biochat.tool.database,query_regulomedb,False,False,False,Bio,optional_full_profile
biochat.tool.database,query_remap,False,False,False,Bio,optional_full_profile
biochat.tool.database,query_stringdb,False,False,False,Bio,optional_full_profile
biochat.tool.database,query_synapse,False,False,False,Bio,optional_full_profile
biochat.tool.database,query_ucsc,False,False,False,Bio,optional_full_profile
biochat.tool.database,query_unichem,False,False,False,Bio,optional_full_profile
biochat.tool.database,query_uniprot,True,False,False,Bio,keep_minimal
biochat.tool.database,query_worms,False,False,False,Bio,optional_full_profile
biochat.tool.database,region_to_ccre_screen,False,False,False,Bio,optional_full_profile
biochat.tool.genetics,analyze_cas9_mutation_outcomes,False,False,False,torch;Bio;matplotlib,optional_full_profile
biochat.tool.genetics,analyze_crispr_genome_editing,False,False,False,torch;Bio;matplotlib,optional_full_profile
biochat.tool.genetics,analyze_protein_phylogeny,False,False,False,torch;Bio;matplotlib,optional_full_profile
biochat.tool.genetics,bayesian_finemapping_with_deep_vi,False,False,False,torch;Bio;matplotlib,optional_full_profile
biochat.tool.genetics,fit_genomic_prediction_model,False,False,False,torch;Bio;matplotlib,optional_full_profile
biochat.tool.genetics,identify_transcription_factor_binding_sites,False,False,False,torch;Bio;matplotlib,optional_full_profile
biochat.tool.genetics,liftover_coordinates,False,False,False,torch;Bio;matplotlib,optional_full_profile
biochat.tool.genetics,perform_pcr_and_gel_electrophoresis,False,False,False,torch;Bio;matplotlib,optional_full_profile
biochat.tool.genetics,simulate_demographic_history,False,False,False,torch;Bio;matplotlib,optional_full_profile
biochat.tool.genomics,analyze_chromatin_interactions,False,False,False,torch;scanpy;Bio,optional_full_profile
biochat.tool.genomics,analyze_comparative_genomics_and_haplotypes,False,False,False,torch;scanpy;Bio,optional_full_profile
biochat.tool.genomics,analyze_genomic_region_overlap,False,False,False,torch;scanpy;Bio,optional_full_profile
biochat.tool.genomics,annotate_celltype_scRNA,False,False,False,torch;scanpy;Bio,optional_full_profile
biochat.tool.genomics,annotate_celltype_with_panhumanpy,False,False,False,torch;scanpy;Bio,optional_full_profile
biochat.tool.genomics,create_harmony_embeddings_scRNA,False,False,False,torch;scanpy;Bio,optional_full_profile
biochat.tool.genomics,create_scvi_embeddings_scRNA,False,False,False,torch;scanpy;Bio,optional_full_profile
biochat.tool.genomics,find_enriched_motifs_with_homer,False,False,False,torch;scanpy;Bio,optional_full_profile
biochat.tool.genomics,gene_set_enrichment_analysis,False,False,False,torch;scanpy;Bio,optional_full_profile
biochat.tool.genomics,generate_embeddings_with_state,False,False,False,torch;scanpy;Bio,optional_full_profile
biochat.tool.genomics,generate_gene_embeddings_with_ESM_models,False,False,False,torch;scanpy;Bio,optional_full_profile
biochat.tool.genomics,generate_transcriptformer_embeddings,False,False,False,torch;scanpy;Bio,optional_full_profile
biochat.tool.genomics,get_gene_set_enrichment_analysis_supported_database_list,False,False,False,torch;scanpy;Bio,optional_full_profile
biochat.tool.genomics,get_rna_seq_archs4,False,False,False,torch;scanpy;Bio,optional_full_profile
biochat.tool.genomics,get_uce_embeddings_scRNA,False,False,False,torch;scanpy;Bio,optional_full_profile
biochat.tool.genomics,interspecies_gene_conversion,False,False,False,torch;scanpy;Bio,optional_full_profile
biochat.tool.genomics,map_to_ima_interpret_scRNA,False,False,False,torch;scanpy;Bio,optional_full_profile
biochat.tool.genomics,perform_chipseq_peak_calling_with_macs2,False,False,False,torch;scanpy;Bio,optional_full_profile
biochat.tool.genomics,unsupervised_celltype_transfer_between_scRNA_datasets,False,False,False,torch;scanpy;Bio,optional_full_profile
biochat.tool.glycoengineering,find_n_glycosylation_motifs,False,False,False,,optional_full_profile
biochat.tool.glycoengineering,list_glycoengineering_resources,False,False,False,,optional_full_profile
biochat.tool.glycoengineering,predict_o_glycosylation_hotspots,False,False,False,,optional_full_profile
biochat.tool.immunology,analyze_atac_seq_differential_accessibility,False,False,False,matplotlib,optional_full_profile
biochat.tool.immunology,analyze_bacterial_growth_curve,False,False,False,matplotlib,optional_full_profile
biochat.tool.immunology,analyze_cfse_cell_proliferation,False,False,False,matplotlib,optional_full_profile
biochat.tool.immunology,analyze_cns_lesion_histology,False,False,False,matplotlib,optional_full_profile
biochat.tool.immunology,analyze_cytokine_production_in_cd4_tcells,False,False,False,matplotlib,optional_full_profile
biochat.tool.immunology,analyze_ebv_antibody_titers,False,False,False,matplotlib,optional_full_profile
biochat.tool.immunology,analyze_immunohistochemistry_image,False,False,False,matplotlib,optional_full_profile
biochat.tool.immunology,estimate_cell_cycle_phase_durations,False,False,False,matplotlib,optional_full_profile
biochat.tool.immunology,isolate_purify_immune_cells,False,False,False,matplotlib,optional_full_profile
biochat.tool.immunology,track_immune_cells_under_flow,False,False,False,matplotlib,optional_full_profile
biochat.tool.lab_automation,get_pylabrobot_documentation_liquid,False,False,False,,optional_full_profile
biochat.tool.lab_automation,get_pylabrobot_documentation_material,False,False,False,,optional_full_profile
biochat.tool.lab_automation,test_pylabrobot_script,False,False,False,,optional_full_profile
biochat.tool.literature,advanced_web_search_claude,True,False,False,,keep_minimal
biochat.tool.literature,extract_pdf_content,False,False,False,,optional_full_profile
biochat.tool.literature,extract_url_content,False,False,False,,optional_full_profile
biochat.tool.literature,fetch_supplementary_info_from_doi,False,False,False,,optional_full_profile
biochat.tool.literature,query_arxiv,False,False,False,,optional_full_profile
biochat.tool.literature,query_pubmed,False,False,False,,optional_full_profile
biochat.tool.literature,query_scholar,False,False,False,,optional_full_profile
biochat.tool.literature,search_google,False,False,False,,optional_full_profile
biochat.tool.microbiology,analyze_arsenic_speciation_hplc_icpms,False,False,False,matplotlib,optional_full_profile
biochat.tool.microbiology,annotate_bacterial_genome,False,False,False,matplotlib,optional_full_profile
biochat.tool.microbiology,count_bacterial_colonies,False,False,False,matplotlib,optional_full_profile
biochat.tool.microbiology,enumerate_bacterial_cfu_by_serial_dilution,False,False,False,matplotlib,optional_full_profile
biochat.tool.microbiology,model_bacterial_growth_dynamics,False,False,False,matplotlib,optional_full_profile
biochat.tool.microbiology,optimize_anaerobic_digestion_process,False,False,False,matplotlib,optional_full_profile
biochat.tool.microbiology,predict_rna_secondary_structure,False,False,False,matplotlib,optional_full_profile
biochat.tool.microbiology,quantify_biofilm_biomass_crystal_violet,False,False,False,matplotlib,optional_full_profile
biochat.tool.microbiology,segment_and_analyze_microbial_cells,False,False,False,matplotlib,optional_full_profile
biochat.tool.microbiology,segment_cells_with_deep_learning,False,False,False,matplotlib,optional_full_profile
biochat.tool.microbiology,simulate_generalized_lotka_volterra_dynamics,False,False,False,matplotlib,optional_full_profile
biochat.tool.microbiology,simulate_microbial_population_dynamics,False,False,False,matplotlib,optional_full_profile
biochat.tool.molecular_biology,align_sequences,False,False,False,Bio,optional_full_profile
biochat.tool.molecular_biology,annotate_open_reading_frames,False,False,False,Bio,optional_full_profile
biochat.tool.molecular_biology,annotate_plasmid,False,False,False,Bio,optional_full_profile
biochat.tool.molecular_biology,design_golden_gate_oligos,False,False,False,Bio,optional_full_profile
biochat.tool.molecular_biology,design_knockout_sgrna,False,False,False,Bio,optional_full_profile
biochat.tool.molecular_biology,design_primer,False,False,False,Bio,optional_full_profile
biochat.tool.molecular_biology,design_verification_primers,False,False,False,Bio,optional_full_profile
biochat.tool.molecular_biology,digest_sequence,False,False,False,Bio,optional_full_profile
biochat.tool.molecular_biology,find_restriction_enzymes,False,False,False,Bio,optional_full_profile
biochat.tool.molecular_biology,find_restriction_sites,False,False,False,Bio,optional_full_profile
biochat.tool.molecular_biology,find_sequence_mutations,False,False,False,Bio,optional_full_profile
biochat.tool.molecular_biology,get_bacterial_transformation_protocol,False,False,False,Bio,optional_full_profile
biochat.tool.molecular_biology,get_gene_coding_sequence,False,False,False,Bio,optional_full_profile
biochat.tool.molecular_biology,get_golden_gate_assembly_protocol,False,False,False,Bio,optional_full_profile
biochat.tool.molecular_biology,get_oligo_annealing_protocol,False,False,False,Bio,optional_full_profile
biochat.tool.molecular_biology,get_plasmid_sequence,False,False,False,Bio,optional_full_profile
biochat.tool.molecular_biology,golden_gate_assembly,False,False,False,Bio,optional_full_profile
biochat.tool.molecular_biology,pcr_simple,False,False,False,Bio,optional_full_profile
biochat.tool.pathology,analyze_aortic_diameter_and_geometry,False,False,False,matplotlib,optional_full_profile
biochat.tool.pathology,analyze_atp_luminescence_assay,False,False,False,matplotlib,optional_full_profile
biochat.tool.pathology,analyze_bone_microct_morphometry,False,False,False,matplotlib,optional_full_profile
biochat.tool.pathology,analyze_intracellular_calcium_with_rhod2,False,False,False,matplotlib,optional_full_profile
biochat.tool.pathology,analyze_thrombus_histology,False,False,False,matplotlib,optional_full_profile
biochat.tool.pathology,quantify_corneal_nerve_fibers,False,False,False,matplotlib,optional_full_profile
biochat.tool.pathology,segment_and_quantify_cells_in_multiplexed_images,False,False,False,matplotlib,optional_full_profile
biochat.tool.pharmacology,analyze_accelerated_stability_of_pharmaceutical_formulations,False,False,False,rdkit;matplotlib,optional_full_profile
biochat.tool.pharmacology,analyze_fda_safety_signals,False,False,False,rdkit;matplotlib,optional_full_profile
biochat.tool.pharmacology,analyze_interaction_mechanisms,False,False,False,rdkit;matplotlib,optional_full_profile
biochat.tool.pharmacology,analyze_pixel_distribution,False,False,False,rdkit;matplotlib,optional_full_profile
biochat.tool.pharmacology,analyze_radiolabeled_antibody_biodistribution,False,False,False,rdkit;matplotlib,optional_full_profile
biochat.tool.pharmacology,analyze_western_blot,False,False,False,rdkit;matplotlib,optional_full_profile
biochat.tool.pharmacology,analyze_xenograft_tumor_growth_inhibition,False,False,False,rdkit;matplotlib,optional_full_profile
biochat.tool.pharmacology,calculate_physicochemical_properties,False,False,False,rdkit;matplotlib,optional_full_profile
biochat.tool.pharmacology,check_drug_combination_safety,False,False,False,rdkit;matplotlib,optional_full_profile
biochat.tool.pharmacology,check_fda_drug_recalls,False,False,False,rdkit;matplotlib,optional_full_profile
biochat.tool.pharmacology,docking_autodock_vina,False,False,False,rdkit;matplotlib,optional_full_profile
biochat.tool.pharmacology,estimate_alpha_particle_radiotherapy_dosimetry,False,False,False,rdkit;matplotlib,optional_full_profile
biochat.tool.pharmacology,find_alternative_drugs_ddinter,False,False,False,rdkit;matplotlib,optional_full_profile
biochat.tool.pharmacology,find_roi_from_image,False,False,False,rdkit;matplotlib,optional_full_profile
biochat.tool.pharmacology,get_fda_drug_label_info,False,False,False,rdkit;matplotlib,optional_full_profile
biochat.tool.pharmacology,grade_adverse_events_using_vcog_ctcae,False,False,False,rdkit;matplotlib,optional_full_profile
biochat.tool.pharmacology,perform_mwas_cyp2c19_metabolizer_status,False,False,False,rdkit;matplotlib,optional_full_profile
biochat.tool.pharmacology,predict_admet_properties,False,False,False,rdkit;matplotlib,optional_full_profile
biochat.tool.pharmacology,predict_binding_affinity_protein_1d_sequence,False,False,False,rdkit;matplotlib,optional_full_profile
biochat.tool.pharmacology,query_drug_interactions,False,False,False,rdkit;matplotlib,optional_full_profile
biochat.tool.pharmacology,query_fda_adverse_events,False,False,False,rdkit;matplotlib,optional_full_profile
biochat.tool.pharmacology,retrieve_topk_repurposing_drugs_from_disease_txgnn,False,False,False,rdkit;matplotlib,optional_full_profile
biochat.tool.pharmacology,run_3d_chondrogenic_aggregate_assay,False,False,False,rdkit;matplotlib,optional_full_profile
biochat.tool.pharmacology,run_autosite,False,False,False,rdkit;matplotlib,optional_full_profile
biochat.tool.pharmacology,run_diffdock_with_smiles,False,False,False,rdkit;matplotlib,optional_full_profile
biochat.tool.physiology,analyze_abr_waveform_p1_metrics,False,False,False,matplotlib,optional_full_profile
biochat.tool.physiology,analyze_ciliary_beat_frequency,False,False,False,matplotlib,optional_full_profile
biochat.tool.physiology,analyze_endolysosomal_calcium_dynamics,False,False,False,matplotlib,optional_full_profile
biochat.tool.physiology,analyze_fatty_acid_composition_by_gc,False,False,False,matplotlib,optional_full_profile
biochat.tool.physiology,analyze_hemodynamic_data,False,False,False,matplotlib,optional_full_profile
biochat.tool.physiology,analyze_protein_colocalization,False,False,False,matplotlib,optional_full_profile
biochat.tool.physiology,calculate_brain_adc_map,False,False,False,matplotlib,optional_full_profile
biochat.tool.physiology,perform_cosinor_analysis,False,False,False,matplotlib,optional_full_profile
biochat.tool.physiology,quantify_amyloid_beta_plaques,False,False,False,matplotlib,optional_full_profile
biochat.tool.physiology,reconstruct_3d_face_from_mri,False,False,False,matplotlib,optional_full_profile
biochat.tool.physiology,simulate_thyroid_hormone_pharmacokinetics,False,False,False,matplotlib,optional_full_profile
biochat.tool.protocols,get_protocol_details,False,False,False,,optional_full_profile
biochat.tool.protocols,list_local_protocols,True,False,False,,keep_minimal
biochat.tool.protocols,read_local_protocol,True,False,False,,keep_minimal
biochat.tool.protocols,search_protocols,True,False,False,,keep_minimal
biochat.tool.support_tools,download_synapse_data,False,False,True,matplotlib,keep_with_attribution
biochat.tool.support_tools,read_function_source_code,False,False,True,matplotlib,keep_with_attribution
biochat.tool.support_tools,run_python_repl,False,False,True,matplotlib,keep_with_attribution
biochat.tool.synthetic_biology,analyze_bacterial_growth_rate,False,False,False,Bio;matplotlib,optional_full_profile
biochat.tool.synthetic_biology,analyze_barcode_sequencing_data,False,False,False,Bio;matplotlib,optional_full_profile
biochat.tool.synthetic_biology,analyze_bifurcation_diagram,False,False,False,Bio;matplotlib,optional_full_profile
biochat.tool.synthetic_biology,create_biochemical_network_sbml_model,False,False,False,Bio;matplotlib,optional_full_profile
biochat.tool.synthetic_biology,engineer_bacterial_genome_for_therapeutic_delivery,False,False,False,Bio;matplotlib,optional_full_profile
biochat.tool.synthetic_biology,identify_fas_functional_domains,False,False,False,Bio;matplotlib,optional_full_profile
biochat.tool.synthetic_biology,optimize_codons_for_heterologous_expression,False,False,False,Bio;matplotlib,optional_full_profile
biochat.tool.synthetic_biology,simulate_gene_circuit_with_growth_feedback,False,False,False,Bio;matplotlib,optional_full_profile
biochat.tool.systems_biology,compare_protein_structures,False,False,False,Bio,optional_full_profile
biochat.tool.systems_biology,model_protein_dimerization_network,False,False,False,Bio,optional_full_profile
biochat.tool.systems_biology,perform_flux_balance_analysis,False,False,False,Bio,optional_full_profile
biochat.tool.systems_biology,query_chatnt,False,False,False,Bio,optional_full_profile
biochat.tool.systems_biology,simulate_metabolic_network_perturbation,False,False,False,Bio,optional_full_profile
biochat.tool.systems_biology,simulate_protein_signaling_network,False,False,False,Bio,optional_full_profile
biochat.tool.systems_biology,simulate_renin_angiotensin_system_dynamics,False,False,False,Bio,optional_full_profile
